<pipeline>
  <name>TurbineClassicPipeline</name>
  <valves>
    <valve className="org.apache.turbine.pipeline.DetermineActionValve"/>
    <valve className="org.apache.turbine.pipeline.DetermineTargetValve"/>   
    <valve className="org.apache.turbine.pipeline.DefaultSessionTimeoutValve"/>   
    <valve className="org.apache.turbine.pipeline.DefaultLoginValve"/>
    <valve className="org.apache.turbine.pipeline.DefaultSessionValidationValve"/>
    <valve className="org.apache.turbine.pipeline.DefaultACLCreationValve"/>
    <valve className="org.apache.turbine.pipeline.ExecutePageValve"/>
    <valve className="org.apache.turbine.pipeline.CleanUpValve"/>
    <valve className="org.apache.turbine.pipeline.DetermineRedirectRequestedValve"/>
  </valves>
</pipeline>
