<?xml version="1.0" encoding="UTF-8"?>
<!-- 
/*
 * Copyright 2001-2004 The Apache Software Foundation.
 * 
 * Licensed under the Apache License, Version 2.0 (the "License");
 * you may not use this file except in compliance with the License.
 * You may obtain a copy of the License at
 * 
 *      http://www.apache.org/licenses/LICENSE-2.0
 * 
 * Unless required by applicable law or agreed to in writing, software
 * distributed under the License is distributed on an "AS IS" BASIS,
 * WITHOUT WARRANTIES OR CONDITIONS OF ANY KIND, either express or implied.
 * See the License for the specific language governing permissions and
 * limitations under the License.
 */
 -->

<project>
  <pomVersion>3</pomVersion>
  <name>jakarta-turbine-2</name>
  <groupId>turbine</groupId>
  <id>turbine</id>
  <currentVersion>2.4-M1</currentVersion>
  <organization>
    <name>Apache Software Foundation</name>
    <url>http://jakarta.apache.org/</url>
    <logo>/images/jakarta.png</logo>
  </organization>
  <logo>/images/blue-logo.gif</logo>
  <inceptionYear>2000</inceptionYear>
  <package>org.apache.turbine</package>

  <gumpRepositoryId>jakarta</gumpRepositoryId>

  <shortDescription>A servlet based framework.</shortDescription>
  <description>Turbine is a servlet based framework that allows experienced Java developers to quickly build secure web applications. Parts of Turbine can also be used independently of the web portion of Turbine as well. In other words, we strive to make portions of Turbine easily available for use in other applications.</description>
  <url>http://jakarta.apache.org/turbine/turbine-2.4/</url>
  <issueTrackingUrl>http://issues.apache.org/scarab/issues</issueTrackingUrl>
  <siteAddress>jakarta.apache.org</siteAddress>
  <siteDirectory>/www/jakarta.apache.org/turbine/turbine-2.4/</siteDirectory>
  <distributionDirectory>/www/www.apache.org/dist/jakarta/turbine</distributionDirectory>

  <repository>
    <connection>scm:cvs:pserver:anoncvs@cvs.apache.org:/home/cvspublic:jakarta-turbine-2</connection>
    <developerConnection>scm:cvs:ext:${maven.username}@cvs.apache.org:/home/cvs:jakarta-turbine-2</developerConnection>
    <url>http://cvs.apache.org/viewcvs/jakarta-turbine-2/</url>
  </repository>

<releases>
    <release>
      <version>2.1</version>
      <tag>TURBINE_2_1</tag>
    </release>
    <release>
      <version>2.2</version>
      <tag>TURBINE_2_2_0</tag>
    </release>
    <release>
      <version>2.3-rc1</version>
      <tag>TURBINE_2_3_RC1</tag>
    </release>
    <release>
      <version>2.3-rc2</version>
      <tag>TURBINE_2_3_RC2</tag>
    </release>
    <release>
      <version>2.3</version>
      <tag>TURBINE_2_3</tag>
    </release>
  </releases>

  <mailingLists>
    <mailingList>
      <name>Turbine User List</name>
      <subscribe>turbine-user-subscribe@jakarta.apache.org</subscribe>
      <unsubscribe>turbine-user-unsubscribe@jakarta.apache.org</unsubscribe>
      <archive>http://nagoya.apache.org/eyebrowse/SummarizeList?listName=turbine-user@jakarta.apache.org</archive>
    </mailingList>
    <mailingList>
      <name>Turbine Developer List</name>
      <subscribe>turbine-dev-subscribe@jakarta.apache.org</subscribe>
      <unsubscribe>turbine-dev-unsubscribe@jakarta.apache.org</unsubscribe>
      <archive>http://nagoya.apache.org/eyebrowse/SummarizeList?listName=turbine-dev@jakarta.apache.org</archive>
    </mailingList>
  </mailingLists>

  <developers>
    <developer>
      <name>Jeff Brekke</name>
      <id>brekke</id>
      <email>ekkerbj@yahoo.com</email>
      <organization/>
    </developer>
    <developer>
      <name>Dave Bryson</name>
      <id>daveb</id>
      <email>mbryson@mont.mindspring.com</email>
      <organization/>
    </developer>
    <developer>
      <name>Kevin A. Burton</name>
      <id>burton</id>
      <email>burton@relativity.yi.org</email>
      <organization/>
    </developer>
    <developer>
      <name>Eric Dobbs</name>
      <id>dobbs</id>
      <email>dobbs@apache.org</email>
      <organization/>
    </developer>
    <developer>
      <name>Scott Eade</name>
      <id>seade</id>
      <email>seade@backstagetech.com.au</email>
      <organization>Backstage Technologies Pty. Ltd.</organization>
    </developer>
    <developer>
      <name>Fedor Karpelevitch</name>
      <id>fedor</id>
      <email>fedor@karpelevitch.net</email>
      <organization/>
    </developer>
    <developer>
      <name>Sean Legassick</name>
      <id>legassick</id>
      <email>sean@informage.net</email>
      <organization/>
    </developer>
    <developer>
      <name>John McNally</name>
      <id>jmcnally</id>
      <email>jmcnally@collab.net</email>
      <organization>CollabNet, Inc.</organization>
    </developer>
    <developer>
      <name>Quinton McCombs</name>
      <id>quintonm</id>
      <email>quintonm@bellsouth.net</email>
      <organization>NEqualsOne</organization>
      <roles>
        <role>Java Developer</role>
      </roles>
    </developer>
    <developer>
      <name>Martin Poeschl</name>
      <id>mpoeschl</id>
      <email>mpoeschl@marmot.at</email>
      <organization>tucana.at</organization>
    </developer>
    <developer>
      <name>Eric Pugh</name>
      <id>epugh</id>
      <email>epugh@opensourceconnections.com</email>
      <organization>OpenSource Connections</organization>
    </developer>
    <developer>
      <name>Daniel Rall</name>
      <id>dlr</id>
      <email>dlr@finemaltcoding.com</email>
      <organization>CollabNet, Inc.</organization>
    </developer>
    <developer>
      <name>Henning P. Schmiedehausen</name>
      <id>henning</id>
      <email>hps@intermeta.de</email>
      <organization>INTERMETA - Gesellschaft fuer Mehrwertdienste mbH</organization>
    </developer>
    <developer>
      <name>Kurt Schrader</name>
      <id>kschrader</id>
      <email>kschrader@karmalab.org</email>
      <organization>University of Michigan</organization>
    </developer>
    <developer>
      <name>Jon Scott Stevens</name>
      <id>jon</id>
      <email>jon@latchkey.com</email>
      <organization>CollabNet, Inc.</organization>
    </developer>
  </developers>

  <contributors>
    <contributor>
      <name>Gary Bartlett</name>
      <email>gary_a_bartlett@yahoo.com</email>
    </contributor>
    <contributor>
      <name>Youngho Cho</name>
      <email>youngho@nannet.co.kr</email>
    </contributor>
    <contributor>
      <name>Frank Conradie</name>
      <email>frank@opticode.co.za</email>
    </contributor>
    <contributor>
      <name>Gonzalo A. Diethelm</name>
      <email>gonzalo.diethelm@iname.com</email>
    </contributor>
    <contributor>
      <name>David Duddleston</name>
      <email>david@i2a.com</email>
    </contributor>
    <contributor>
      <name>Christopher Elkins</name>
      <email>celkins@scardini.com</email>
    </contributor>
    <contributor>
      <name>Brad Folkens</name>
      <email>bfolkens@downers.us</email>
    </contributor>    
    <contributor>
      <name>Jian He</name>
      <email>hjnet@163.net</email>
    </contributor>
    <contributor>
      <name>Humberto Hernandez</name>
      <email>hhernandez@itweb.com.mx</email>
    </contributor>
    <contributor>
      <name>Nissim Karpenstein</name>
      <email>nissim@nksystems.com</email>
    </contributor>
    <contributor>
      <name>Rafal Krzewski</name>
      <email>krzewski@e-point.pl</email>
    </contributor>
    <contributor>
      <name>Chris Kimpton</name>
      <email>kimptoc.mail@bigfoot.com</email>
    </contributor>
    <contributor>
      <name>Josh Lucas</name>
      <email>josh@stonecottage.com</email>
    </contributor>
    <contributor>
      <name>Carl Ludwig</name>
      <email>carl@destinymusic.com</email>
    </contributor>
    <contributor>
      <name>Jonas Mauras</name>
      <email>jm@mediaphil.de</email>
    </contributor>
    <contributor>
      <name>Brett McLaughlin</name>
      <email>bmclaugh@algx.net</email>
    </contributor>
    <contributor>
      <name>Leon Messerschmidt</name>
      <email>leon@opticode.co.za</email>
    </contributor>
    <contributor>
      <name>Chris Meyer</name>
      <email>cmeyer@gatan.com</email>
    </contributor>
    <contributor>
      <name>Steven Nagy</name>
      <email>snagy@web-publicity.com</email>
    </contributor>
    <contributor>
      <name>Kasper Nielsen</name>
      <email>kav@kav.dk</email>
    </contributor>
    <contributor>
      <name>Paul O'Leary</name>
      <email>paul@evolventtech.com</email>
    </contributor>
    <contributor>
      <name>Giacomo Pati</name>
      <email>Giacomo.Pati@pwr.ch</email>
    </contributor>
    <contributor>
      <name>Mark Porter</name>
      <email>mark.porter@canlink.com</email>
    </contributor>
    <contributor>
      <name>Jeff Prickett</name>
      <email>jeffprickett@mindspring.com</email>
    </contributor>
    <contributor>
      <name>Ilkka Priha</name>
      <email>ilkka.priha@simsoft.fi</email>
    </contributor>
    <contributor>
      <name>Cameron Riley</name>
      <email>criley@ekmail.com</email>
    </contributor>
    <contributor>
      <name>Greg Ritter</name>
      <email>greg@shwoop.com</email>
    </contributor>
    <contributor>
      <name>Ingo Schuster</name>
      <email>ingo@raleigh.ibm.com</email>
    </contributor>
    <contributor>
      <name>Sam Solon</name>
      <email>ssolon@usa.net</email>
    </contributor>    
    <contributor>
      <name>Costas Stergiou</name>
      <email>csterg@aias.gr</email>
    </contributor>
    <contributor>
      <name>George Stewart</name>
      <email>georgestewart@yahoo.com</email>
    </contributor>
    <contributor>
      <name>Ralf Stranzenbach</name>
      <email>ralf@reswi.ruhr.de</email>
    </contributor>
    <contributor>
      <name>Hakan Tandogan</name>
      <email>hakan42@gmx.de</email>
    </contributor>
    <contributor>
      <name>Scott C. Tavares</name>
      <email>stavares@home.com</email>
    </contributor>
    <contributor>
      <name>John Thorhauer</name>
      <email>john@zenplex.com</email>
    </contributor>
    <contributor>
      <name>Magn&#250;s &#254;&#243;r Torfason</name>
      <email>magnus@handpoint.com</email>
    </contributor>
    <contributor>
      <name>Scott Weaver</name>
      <email>sweaver@rippe.com</email>
    </contributor>
  </contributors>

  <dependencies>
  <!-- t3 -->
    <dependency>
      <id>commons-xo</id>
      <version>20040218.104422</version>
    </dependency>
    <dependency>
      <groupId>mx4j</groupId>
      <artifactId>mx4j-jmx</artifactId>
      <version>1.1.1</version>
    </dependency>
    <dependency>
      <groupId>mx4j</groupId>
      <artifactId>mx4j-tools</artifactId>
      <version>1.1.1</version>
    </dependency>  	
    <dependency>
      <groupId>avalon-framework</groupId>
      <artifactId>avalon-framework-api</artifactId>
      <version>4.1.5</version>
    </dependency>
    <dependency>
      <groupId>avalon-framework</groupId>
      <artifactId>avalon-framework-impl</artifactId>
      <version>4.1.5</version>
    </dependency>
	<dependency>
      <groupId>merlin</groupId>
      <artifactId>merlin-kernel-spi</artifactId>
      <version>3.2-dev</version>
    </dependency>
    <dependency>
      <groupId>merlin</groupId>
      <artifactId>merlin-kernel-impl</artifactId>
      <version>3.2-dev</version>
    </dependency>

    <dependency>
      <groupId>avalon-activation</groupId>
      <artifactId>avalon-activation-api</artifactId>
      <version>1.2-dev</version>
    </dependency>
    <dependency>
      <groupId>avalon-activation</groupId>
      <artifactId>avalon-activation-spi</artifactId>
      <version>1.2-dev</version>
    </dependency>
    <dependency>
      <groupId>avalon-activation</groupId>
      <artifactId>avalon-activation-impl</artifactId>
      <version>1.2-dev</version>
    </dependency>

    <dependency>
      <groupId>avalon-composition</groupId>
      <artifactId>avalon-composition-api</artifactId>
      <version>1.2-dev</version>
    </dependency>
    <dependency>
      <groupId>avalon-composition</groupId>
      <artifactId>avalon-composition-spi</artifactId>
      <version>1.2-dev</version>
    </dependency>
    <dependency>
      <groupId>avalon-composition</groupId>
      <artifactId>avalon-composition-impl</artifactId>
      <version>1.2-dev</version>
    </dependency>

    <dependency>
      <groupId>avalon-extension</groupId>
      <artifactId>avalon-extension-spi</artifactId>
      <version>1.0</version>
    </dependency>
    <dependency>
      <groupId>avalon-extension</groupId>
      <artifactId>avalon-extension-impl</artifactId>
      <version>1.0</version>
    </dependency>

    <dependency>
      <groupId>avalon-meta</groupId>
      <artifactId>avalon-meta-api</artifactId>
      <version>1.2.1-dev</version>
    </dependency>
    <dependency>
      <groupId>avalon-meta</groupId>
      <artifactId>avalon-meta-spi</artifactId>
      <version>1.2.1-dev</version>
    </dependency>
    <dependency>
      <groupId>avalon-meta</groupId>
      <artifactId>avalon-meta-impl</artifactId>
      <version>1.2.1-dev</version>
    </dependency>

    <dependency>
      <groupId>avalon-repository</groupId>
      <artifactId>avalon-repository-spi</artifactId>
      <version>1.0b1</version>
    </dependency>
    <dependency>
      <groupId>avalon-repository</groupId>
      <artifactId>avalon-repository-impl</artifactId>
      <version>1.0b1</version>
    </dependency>    
	 <dependency>
      <id>logkit</id>
      <version>1.2</version>
      <url>http://jakarta.apache.org/avalon/logkit/</url>
    </dependency>

    <dependency>
      <groupId>excalibur-lifecycle</groupId>
      <artifactId>excalibur-lifecycle-api</artifactId>
      <version>1.0</version>
    </dependency>

    <dependency>
      <id>excalibur-i18n</id>
      <version>1.1</version>
    </dependency>

    <dependency>
      <id>excalibur-thread</id>
      <version>1.1.1</version>
    </dependency>
    
    <dependency>
      <id>excalibur-event</id>
      <version>1.0.3</version>
    </dependency>
    
    <dependency>
      <groupId>excalibur</groupId>
      <artifactId>excalibur-util-concurrent</artifactId>
      <version>1.3.1</version>
    </dependency>

    <dependency>
      <id>excalibur-configuration</id>
      <version>1.1</version>
    </dependency>
        
    <dependency>
      <id>commons-beanutils</id>
      <version>1.6.1</version>
      <url>http://jakarta.apache.org/commons/beanutils.html</url>
    </dependency>
    <dependency>
      <id>commons-codec</id>
      <version>1.1</version>
    </dependency>
    <dependency>
      <id>commons-collections</id>
      <version>3.1</version>
      <url>http://jakarta.apache.org/commons/collections/</url>
    </dependency>
    <dependency>
      <id>commons-configuration</id>
      <version>1.0-rc1</version>
      <url>http://jakarta.apache.org/commons/configuration/</url>
    </dependency>
    <dependency>
      <id>commons-digester</id>
      <version>1.5</version>
      <url>http://jakarta.apache.org/commons/digester/</url>
    </dependency>
    <dependency>
      <id>commons-email</id>
      <version>20030310.165926</version>
      <url>http://jakarta.apache.org/commons/sandbox/email/</url>
    </dependency>
    <dependency>
      <id>commons-fileupload</id>
      <version>1.0</version>
      <url>http://jakarta.apache.org/commons/fileupload/</url>
    </dependency>
    <dependency>
      <id>commons-io</id>
      <version>0.2-dev.20020717.100545</version>
      <url>http://jakarta.apache.org/commons/io/</url>
    </dependency>    
    <dependency>
      <id>commons-lang</id>
      <version>2.0</version>
      <url>http://jakarta.apache.org/commons/lang/</url>
    </dependency>
    <dependency>
      <id>commons-logging</id>
      <version>1.0.3</version>
      <url>http://jakarta.apache.org/commons/logging.html</url>
    </dependency>
    <dependency>
      <id>commons-pool</id>
      <version>1.1</version>
      <url>http://jakarta.apache.org/commons/pool/</url>
    </dependency>
    <dependency>
      <id>cryptix</id>
      <version>3.2.0</version>
      <url>http://www.cryptix.org/</url>
    </dependency>
    <dependency>
      <id>dom4j</id>
      <version>1.4</version>
      <url>http://www.dom4j.org/</url>
    </dependency>
    <dependency>
      <id>ecs</id>
      <version>1.4.2</version>
      <url>http://jakarta.apache.org/ecs/</url>
    </dependency>
    <dependency>
      <id>excalibur-component</id>
      <version>1.1</version>
      <url>http://jakarta.apache.org/avalon/</url>
    </dependency>
    <dependency>
      <id>excalibur-instrument</id>
      <version>1.0</version>
      <url>http://jakarta.apache.org/avalon/</url>
    </dependency>
    <dependency>
      <id>excalibur-logger</id>
      <version>1.0.1</version>
      <url>http://jakarta.apache.org/avalon/</url>
    </dependency>
    <dependency>
      <id>excalibur-pool</id>
      <version>1.2</version>
      <url>http://jakarta.apache.org/avalon/</url>
    </dependency>
    <dependency>
      <groupId>fulcrum</groupId>
      <artifactId>fulcrum-cache</artifactId>
      <version>1.0-alpha-3</version>
      <url>http://jakarta.apache.org/turbine/fulcrum/fulcrum-cache</url>
      <properties>
        <war.bundle.jar>true</war.bundle.jar>
      </properties>
    </dependency>    
    <dependency>
      <groupId>fulcrum</groupId>
      <artifactId>fulcrum-crypto-api</artifactId>
      <version>1.0-alpha-4</version>
      <url>http://jakarta.apache.org/turbine/fulcrum/fulcrum-crypto</url>
      <properties>
        <war.bundle.jar>true</war.bundle.jar>
      </properties>
    </dependency>
    <dependency>
      <groupId>fulcrum</groupId>
      <artifactId>fulcrum-crypto-impl</artifactId>
      <version>1.0-alpha-4</version>
      <url>http://jakarta.apache.org/turbine/fulcrum/fulcrum-crypto</url>
      <properties>
        <war.bundle.jar>true</war.bundle.jar>
      </properties>
    </dependency>    
    <dependency>
      <groupId>fulcrum</groupId>
      <artifactId>fulcrum-localization-api</artifactId>
      <version>1.0-alpha-4</version>
      <url>http://jakarta.apache.org/turbine/fulcrum/localization</url>
      <properties>
        <war.bundle.jar>true</war.bundle.jar>
      </properties>
    </dependency>    
    <dependency>
      <groupId>fulcrum</groupId>
      <artifactId>fulcrum-localization-impl</artifactId>
      <version>1.0-alpha-4</version>
      <url>http://jakarta.apache.org/turbine/fulcrum/localization</url>
      <properties>
        <war.bundle.jar>true</war.bundle.jar>
      </properties>
    </dependency>      
    <dependency>
      <groupId>fulcrum</groupId>
      <artifactId>fulcrum-intake</artifactId>
      <version>1.0-alpha-2</version>
      <url>http://jakarta.apache.org/turbine/fulcrum/intake</url>
      <properties>
        <war.bundle.jar>true</war.bundle.jar>
      </properties>
    </dependency>    
    <dependency>
      <groupId>fulcrum</groupId>
      <artifactId>fulcrum-factory-api</artifactId>
      <version>1.0-alpha-2</version>
      <url>http://jakarta.apache.org/turbine/fulcrum/factory</url>
      <properties>
        <war.bundle.jar>true</war.bundle.jar>
      </properties>
    </dependency> 
    <dependency>
      <groupId>fulcrum</groupId>
      <artifactId>fulcrum-factory-impl</artifactId>
      <version>1.0-alpha-2</version>
      <url>http://jakarta.apache.org/turbine/fulcrum/factory</url>
      <properties>
        <war.bundle.jar>true</war.bundle.jar>
      </properties>
    </dependency>          
    <dependency>
      <groupId>fulcrum</groupId>
      <artifactId>fulcrum-mimetype-api</artifactId>
      <version>1.0-alpha-4</version>
      <url>http://jakarta.apache.org/turbine/fulcrum/fulcrum-mimetype</url>
      <properties>
        <war.bundle.jar>true</war.bundle.jar>
      </properties>
    </dependency>  
    <dependency>
      <groupId>fulcrum</groupId>
      <artifactId>fulcrum-mimetype-impl</artifactId>
      <version>1.0-alpha-4</version>
      <url>http://jakarta.apache.org/turbine/fulcrum/fulcrum-mimetype</url>
      <properties>
        <war.bundle.jar>true</war.bundle.jar>
      </properties>
    </dependency>       
    <dependency>
      <id>jaf:activation</id>
      <version>1.0.2</version>
      <url>http://java.sun.com/products/javabeans/glasgow/jaf.html</url>
    </dependency>
    <dependency>
      <id>javamail</id>
      <version>1.3.1</version>
      <url>http://java.sun.com/products/javamail/</url>
    </dependency>
    <dependency>
      <id>jdbc</id>
      <version>2.0</version>
      <url>http://java.sun.com/products/jdbc/</url>
    </dependency>
    <dependency>
      <id>jndi</id>
      <version>1.2.1</version>
      <url>http://java.sun.com/products/jndi/</url>
    </dependency>
    <dependency>
      <id>junit</id>
      <version>3.8.1</version>
      <url>http://www.junit.org/</url>
    </dependency>
    <!-- ORO must be loaded before Jython, as Jython includes some ORO -->
    <!-- classes which cause the Maven JXR plug-in to fail. -->
    <dependency>
      <id>oro</id>
      <version>2.0.7</version>
      <url>http://jakarta.apache.org/oro/</url>
    </dependency>
    <dependency>
      <id>jython</id>
      <version>2.1</version>
      <url>http://www.jython.org/</url>
    </dependency>
    <dependency>
      <id>log4j</id>
      <version>1.2.8</version>
      <url>http://jakarta.apache.org/log4j/</url>
    </dependency>
    <dependency>
      <id>servletapi</id>
      <version>2.3</version>
      <url>http://java.sun.com/products/servlet/</url>
    </dependency>
    <dependency>
      <id>stratum</id>
      <version>1.0-b5-dev</version>
      <url>http://jakarta.apache.org/turbine/stratum/</url>
    </dependency>
    <dependency>
      <id>torque</id>
      <version>3.1</version>
      <url>http://db.apache.org/torque/</url>
    </dependency>
    <!--
    <dependency>
    <groupId>turbine</groupId>
    <artifactId>turbine-torque-impl</artifactId>
    <version>2.4-dev</version>
      <url>http://jakarta.apache.org/turbine/</url>
    </dependency>
    -->
    <dependency>
      <id>velocity</id>
      <version>1.3.1</version>
      <url>http://jakarta.apache.org/velocity/</url>
    </dependency>
    <dependency>
      <id>village</id>
      <version>2.0-dev-20030825</version>
      <url>http://share.whichever.com/index.php?SCREEN=village</url>
    </dependency>
    <dependency>
      <id>xalan</id>
      <version>2.5.1</version>
      <url>http://xml.apache.org/xalan-j/</url>
    </dependency>
    <dependency>
      <id>xerces:xercesImpl</id>
      <version>2.4.0</version>
      <url>http://xml.apache.org/xerces2-j/</url>
    </dependency>
    <dependency>
      <id>xml-apis</id>
      <version>1.0.b2</version>
      <url>http://xml.apache.org/commons/</url>
    </dependency>
    <dependency>
      <id>xmlrpc</id>
      <version>1.2-b1</version>
      <url>http://xml.apache.org/xmlrpc/</url>
    </dependency>
    
    <dependency>
      <groupId>mockobjects</groupId>
      <artifactId>mockobjects-jdk1.4-j2ee1.3</artifactId>
      <version>0.09</version>
    </dependency> 
    <dependency>
      <groupId>mockobjects</groupId>
      <artifactId>mockobjects-core</artifactId>
      <version>0.09</version>
    </dependency>  
  </dependencies>

  <build>
    <sourceDirectory>src/java</sourceDirectory>
    <unitTestSourceDirectory>src/test</unitTestSourceDirectory>
    <unitTest>
      <includes>
        <include>**/*Test.java</include>
      </includes>
      <excludes>
      </excludes>
    </unitTest>
    <integrationUnitTestSourceDirectory/>
    <integrationUnitTest/>
    <aspectSourceDirectory/>
  </build>

  <reports>    
    <report>maven-jdepend-plugin</report>    
    <report>maven-checkstyle-plugin</report>
    <report>maven-changes-plugin</report>
    <report>maven-changelog-plugin</report>
    <report>maven-developer-activity-plugin</report>
    <report>maven-file-activity-plugin</report>
    <report>maven-javadoc-plugin</report>
    <report>maven-jxr-plugin</report>
	<report>maven-pmd-plugin</report>
	<report>maven-jcoverage-plugin</report>
	<report>maven-simian-plugin</report>
	<report>maven-multiproject-plugin</report>
	<report>maven-junit-report-plugin</report>
    <!--
    <report>maven-linkcheck-plugin</report>
    -->
    <report>maven-tasklist-plugin</report>
    

  </reports>

</project>
